sampan,sampah,6,83%,1
sampan,sampai,6,83%,1
sampan,aman,6,66%,2
sampan,ampun,6,66%,2
sampan,hampa,6,66%,2
sampan,kapan,6,66%,2
sampan,lamban,6,66%,2
sampan,lamban,6,66%,2
sampan,paman,6,66%,2
sampan,paman,6,66%,2
sampan,paman,6,66%,2
sampan,paman,6,66%,2
sampan,paman,6,66%,2
sampan,paman,6,66%,2
sampan,paman,6,66%,2
sampan,paman,6,66%,2
sampan,paman,6,66%,2
sampan,papan,6,66%,2
sampan,sama,6,66%,2
sampan,sopan,6,66%,2
sampan,taman,6,66%,2
sampan,taman,6,66%,2
sampan,tampang,6,66%,2
sampan,umpan,6,66%,2
sampan,umpan,6,66%,2
sampan,zaman,6,66%,2
sampan,akan,6,50%,3
sampan,amal,6,50%,3
sampan,apa,6,50%,3
sampan,apa,6,50%,3
sampan,apa,6,50%,3
sampan,aspal,6,50%,3
sampan,awan,6,50%,3
sampan,bagan,6,50%,3
sampan,bagian,6,50%,3
sampan,bagian,6,50%,3
sampan,bahan,6,50%,3
sampan,bawaan,6,50%,3
sampan,cairan,6,50%,3
sampan,damar,6,50%,3
sampan,dipan,6,50%,3
sampan,empat,6,50%,3
sampan,gamang,6,50%,3
sampan,gamang,6,50%,3
sampan,gambar,6,50%,3
sampan,gumpal,6,50%,3
sampan,hama,6,50%,3
sampan,hambar,6,50%,3
sampan,harapan,6,50%,3
sampan,jamaah,6,50%,3
sampan,jamak,6,50%,3
sampan,jaminan,6,50%,3
sampan,jangan,6,50%,3
sampan,jantan,6,50%,3
sampan,kamar,6,50%,3
sampan,kampanye,6,50%,3
sampan,kampung,6,50%,3
sampan,kampus,6,50%,3
sampan,kapak,6,50%,3
sampan,kapak,6,50%,3
sampan,kapal,6,50%,3
sampan,kapas,6,50%,3
sampan,kawan,6,50%,3
sampan,kompas,6,50%,3
sampan,kuman,6,50%,3
sampan,lama,6,50%,3
sampan,lamaran,6,50%,3
sampan,lambang,6,50%,3
sampan,lambang,6,50%,3
sampan,lampu,6,50%,3
sampan,lapar,6,50%,3
sampan,lautan,6,50%,3
sampan,lawan,6,50%,3
sampan,lempar,6,50%,3
sampan,lipan,6,50%,3
sampan,mainan,6,50%,3
sampan,makan,6,50%,3
sampan,makan,6,50%,3
sampan,makan,6,50%,3
sampan,mampu,6,50%,3
sampan,mampu,6,50%,3
sampan,nama,6,50%,3
sampan,napas,6,50%,3
sampan,pabean,6,50%,3
sampan,pameran,6,50%,3
sampan,pompa,6,50%,3
sampan,ramah,6,50%,3
sampan,ramalan,6,50%,3
sampan,rapat,6,50%,3
sampan,rumpun,6,50%,3
sampan,sabar,6,50%,3
sampan,sabun,6,50%,3
sampan,sadar,6,50%,3
sampan,saingan,6,50%,3
sampan,salah,6,50%,3
sampan,salai,6,50%,3
sampan,salam,6,50%,3
sampan,salat,6,50%,3
sampan,salinan,6,50%,3
sampan,salon,6,50%,3
